German,English
Die Zeit,time
Der Mann,man
Die Hand,hand
Der Tag,day
Der Weg,way
Das Auge,eye
Das Ding,thing
Der Kopf,head
Das Jahr,year
Das Zimmer,room
Die Tür,door
Die Frau,woman
Das Gesicht,face
Die Mutter,mother
Das Volk,people
Die Nacht,night
Das Haus,house
Der Vater,father
Das Leben,life
Der Rücken,back
Die Stimme,voice
Das Mädchen,girl
Der Ort,place
Der Junge,boy
Das Auto,car
Die Seite,side
Der Arm,arm
Das Kind,child
Das Wort,word
Der Moment,moment
Das Haar,hair
Der Fuß,foot
Das Wasser,water
Das Licht,light
Die Welt,world
Der Name,name
Der Freund,friend
Das Fenster,window
Der Tisch,table
Der Morgen,morning
Das Bett,bed
Die Mauer,wall
Die Straße,street
Die Schule,school
Die Luft,air
Der Boden,floor
Die Stunde,hour
Das Ende,end
Die Familie,family
Der Kerl,guy
Die Art,kind
Die Minute,minute
Die Geschichte,story
Der Gott,god
Die Woche,week
Die Arbeit,work
Die Schulter,shoulder
Der Teil,part
Der Geist,mind
Das Buch,book
Der Finger,finger
Der Mund,mouth
Das Kind,kid
Das Glas,glass
Der Baum,tree
Der Klang,sound
Die Linie,line
Die Ehefrau,wife
Das Herz,heart
Das Geld,money
Das Telefon,phone
Das Aussehen,look
Das Bein,leg
Der Stuhl,chair
Das Büro,office
Der Bruder,brother
Die Frage,question
Die Stadt,city
Der Monat,month
Das Baby,baby
Das Zuhause,home
Der Hund,dog
Die Straße,road
Die Idee,idea
Die Küche,kitchen
Das Ganze,lot
Der Sohn,son
Der Beruf,job
Das Papier,paper
Die Schwester,sister
Das Lächeln,smile
Der Punkt,point
Der Gedanke,thought
Die Liebe,love
Die Stadt,town
Der Tod,death
Der Boden,ground
Die Anderen,others
Das Feuer,fire
Der Schritt,step
Das Blut,blood
Die Tatsache,fact
Der Atem,breath
Die Lippe,lip
Die Sonne,sun
Das Gebäude,building
Die Anzahl,number
Der Ehemann,husband
Das Elternteil,parent
Die Ecke,corner
Das Problem,problem
Das Ehepaar,couple
Die Tochter,daughter
Der Beutel,bag
Die Hölle,hell
Die Rast,rest
Das Geschäft,business
Der Himmel,sky
Die Kiste,box
Die Person,person
Der Grund,reason
Das Recht,right
Die Haut,skin
Der Vater,dad
Der Fall,case
Das Stück,piece
Der Doktor,doctor
Die Ecke,edge
Die Mama,mom
Das Bild,picture
Der Sinn,sense
Das Ohr,ear
Der Zweite,second
Die Dame,lady
Der Hals,neck
Der Wind,wind
Der Schreibtisch,desk
Die Waffe,gun
Der Stein,stone
Der Kaffee,coffee
Das Schiff,ship
Die Erde,earth
Das Essen,food
Das Pferd,horse
Das Feld,field
Der Krieg,war
Der Nachmittag,afternoon
Die Sir,sir
Der Raum,space
Der Abend,evening
Der Brief,letter
Die Bar,bar
Der Traum,dream
Die Wohnung,apartment
Die Brust,chest
Das Spiel,game
Der Sommer,summer
Der Grund,matter
Die Stille,silence
Die Spitze,top
Der Fels,rock
Die Macht,power
Die Kleider,clothes
Das Schild,sign
Die Aufmerksamkeit,attention
Die Musik,music
Der Staat,state
Die Tasche,pocket
Das Abendessen,dinner
Die Halle,hall
Der Schmerz,pain
Das Alter,age
Der Fluss,river
Die Chance,chance
Die Nase,nose
Der Schatten,shadow
Die Polizei,police
Das Gedächtnis,memory
Die Farbe,color
Das Knie,knee
Das Holz,wood
Das Hemd,shirt
Die Party,party
Das Land,country
Der Lkw,truck
Der Zahn,tooth
Die Rechnung,bill
Die Szene,scene
Das Land,land
Der Stern,star
Der Vogel,bird
Das Schlafzimmer,bedroom
Der Onkel,uncle
Die Art,sort
Die Gruppe,group
Die Wahrheit,truth
Die Schwierigkeiten,trouble
Die Menge,crowd
Der Bahnhof,station
Die Reiß,tear
Die Klasse,class
Das Meer,sea
Das Tier,animal
Das Zentrum,center
Das Gefühl,feeling
Das Geschäft,store
Der Berg,mountain
Die Nachrichten,news
Der Schuh,shoe
Die Katze,cat
Der Bildschirm,screen
Die Flasche,bottle
Der Anruf,call
Die Lebenden,living
Die Wange,cheek
Der Schüler,student
Der Ball,ball
Die Sehenswürdigkeit,sight
Der Hügel,hill
Das Unternehmen,company
Die Kirche,church
Der Regen,rain
Der Anzug,suit
Der Eine,one
Die Richtung,direction
Der Wille,will
Der Hals,throat
Die Mitte,middle
Die Antwort,answer
Das Zeug,stuff
Das Krankenhaus,hospital
Die Kamera,camera
Das Kleid,dress
Die Karte,card
Der Hof,yard
Die Dunkelheit,dark
Die Scheiße,shit
Das Bild,image
Die Maschine,machine
Die Distanz,distance
Das Gebiet,area
Der Erzähler,narrator
Das Eis,ice
Der Schnee,snow
Die Notiz,note
Der Spiegel,mirror
Der König,king
Die Angst,fear
Der Offizier,officer
Das Loch,hole
Der Schuss,shot
Der Wächter,guard
Die Unterhaltung,conversation
Das Boot,boat
Das System,system
Die Pflege,care
Die Bit,bit
Der Film,movie
Der Knochen,bone
Die Seite,page
Der Kapitän,captain
Die Tante,aunt
Dunkelheit,darkness
Die Kontrolle,control
Das Getränk,drink
Das Hotel,hotel
Der Mantel,coat
Die Treppen,stair
Die Bestellung,order
Der Fehl,miss
Der Hut,hat
Das Gold,gold
Die Zigarette,cigarette
Die Wolke,cloud
Die Aussicht,view
Der Fahrer,driver
Die Tasse,cup
Die Figur,figure
Der Ausdruck,expression
Der Pfad,path
Der Schlüssel,key
Der Computer,computer
Die Blume,flower
Der Ring,ring
Das Bad,bathroom
Das Metall,metal
Der Mond,moon
Das Lied,song
Der Soldat,soldier
Das Radio,radio
Die Geschichte,history
Der Plan,plan
Das College,college
Der Fisch,fish
Der Garten,garden
Der Zug,train
Das Geschäft,shop
Der Polizist,cop
Die Kunst,art
Das Bier,beer
Der Nord,north
Die Insel,island
Der Bus,bus
Der Geruch,smell
Das Geräusch,noise
Die Mama,mama
Der Park,park
Der Süden,south
Das Paar,pair
Der Herr,lord
Der Teller,plate
Die Jacke,jacket
Die Hilfe,help
Der Papa,daddy
Das Gras,grass
Die Dank,thanks
Die Hitze,heat
Der Schlaf,sleep
Das Gehirn,brain
Der Service,service
Die Reise,trip
Der Beat,beat
Das Messer,knife
Der Platz,spot
Die Nachricht,message
Die Note,mark
Der Lehrer,teacher
Der Blick,gaze
Das Dorf,village
Der Winter,winter
Die Front,front
Das Gesetz,law
Die Oberfläche,surface
Die Bank,bank
Das Team,team
Das Maximum,maximum
Die Position,position
Der Bauch,stomach
Die Wende,turn
Der Westen,west
Das Mittagessen,lunch
Der Wechsel,change
Die Kreatur,creature
Die Seele,soul
Das Blatt,leaf
Die Show,show
Die Gate,gate
Die Palme,palm
Der Kunststoff,plastic
Die Kraft,force
Der Strand,beach
Der Präsident,president
Die Form,shape
Der Rauch,smoke
Das Rad,wheel
Das Silber,silver
Das Dach,roof
Das Gewicht,weight
Die Zunge,tongue
Der Tee,tea
Die Strecke,track
Der Winkel,angle
Die Form,form
Der Ton,tone
Der Kreis,circle
Der Frühling,spring
Die Vorhalle,porch
Das Blatt,sheet
Das Mitglied,member
Das Schwimmbecken,pool
Das Bedürfnis,need
Die Hoffnung,hope
Der See,lake
Die Brust,breast
Die Überraschung,surprise
Die Interesse,interest
Der Boden,bottom
Der Geist,spirit
Der Block,block
Die Sprache,language
Die Brücke,bridge
Der Staub,dust
Die Zelle,cell
Der Wein,wine
Das Boot,boot
Die Wahl,choice
Die Reihe,row
Das Gespräch,talk
Das Flugzeug,plane
Die Uhr,watch
Die Information,information
Die Großmutter,grandmother
Der Flügel,wing
Die Bob,bob
Der Club,club
Der Meister,master
Die Gnade,grace
Der Wald,forest
Die Größe,size
Der Satz,set
Die Ehe,marriage
Die Stirn,forehead
Der Sturm,storm
Die Türöffnung,doorway
Die Situation,situation
Der Zähler,counter
Der Nachbar,neighbor
Das Foto,photo
Die Bühne,stage
Das Treffen,meeting
Die Krankenschwester,nurse
Die Sicherheit,security
Die Waffe,weapon
Das Ereignis,event
Die Decke,ceiling
Der Motor,engine
Das Geschenk,gift
Das Restaurant,restaurant
Die Tafel,board
Der Flur,hallway
Die Armee,army
Der Aufwand,effort
Der Osten,east
Der Agent,agent
Die Zukunft,future
Die Hose,pant
Das Leder,leather
Der Flug,flight
Das Geschlecht,sex
Das Gericht,court
Der Kurs,course
Der Dreck,dirt
Das Ei,egg
Das Kinn,chin
Der Fremde,stranger
Die Freude,pleasure
Das Detail,detail
Die Besatzung,crew
Der Herbst,fall
Der Gast,guest
Das Erlebnis,experience
Der Witz,joke
Der Sand,sand
Die Faust,fist
Die Aktion,action
Das Wandern,walk
Die Hochzeit,wedding
Der Deal,deal
Die Natur,nature
Der Planet,planet
Der Cousin,cousin
Die Bewegung,movement
Das Fleisch,flesh
Der Datensatz,record
Das Camp,camp
Die Zeitung,newspaper
Der Strahl,ray
Der Mensch,human
Das Sofa,couch
Die Bewegung,motion
Der Großvater,grandfather
Die Fotografie,photograph
Das Geheimnis,secret
Die Schönheit,beauty
Das Vorhandensein,presence
Die Glocke,bell
Die Volks,folk
Der Knopf,button
Die Liste,list
Das Level,level
Das Datum,date
Das Thema,subject
Der Unterschied,difference
Die Pause,pause
Der Van,van
Die Klinge,blade
Das Fernsehen,television
Die Titelseite,cover
Die Vergangenheit,past
Der Bauernhof,farm
Die Runden,lap
Die Band,band
Der Anwalt,lawyer
Das Magazin,magazine
Der Ast,branch
Der Rahmen,frame
Das Deck,deck
Der Effekt,effect
Der Tanz,dance
Die Sicht,vision
Das Gespenst,ghost
Der Esel,ass
Der Charakter,character
Der Blick,glance
Das Auf Wiedersehen,goodbye
Das Park,parking
Das Frühstück,breakfast
Die Geste,gesture
Das Glück,luck
Die Decke,blanket
Das Gas,gas
Der Korridor,corridor
Der Professor,professor
Das Spiel,play
Der Fehler,mistake
Die Universität,university
Der Ozean,ocean
Das Jahrhundert,century
Der Honig,honey
Der Stapel,pile
Die Schale,bowl
Der Zaun,fence
Die Regel,rule
Das Gelächter,laughter
Die Wut,anger
Der Schweiß,sweat
Der Unfall,accident
Das Wetter,weather
Die Entscheidung,decision
Der Engel,angel
Die Stärke,strength
Das Huhn,chicken
Die Studium,study
Das Band,tape
Das Handgelenk,wrist
Der Halt,stop
Die Hüfte,hip
Die Regierung,government
Der Bauch,belly
Die Königin,queen
Bericht,report
Der Schweif,tail
Die Pflanze,plant
Die Flamme,flame
Der Himmel,heaven
Der Gürtel,belt
Die Nachbarschaft,neighborhood
Die Energie,energy
Das Grün,green
Das Viertel,quarter
Der Feind,enemy
Die Bewegung,move
Der Eingang,entrance
Die Bibliothek,library
Der Verfasser,writer
Der Frieden,peace
Die Berührung,touch
Der Topf,pot
Der Typ,type
Der Grund,cause
Das Seil,rope
Der Muskel,muscle
Das Gemälde,painting
Die Gardine,curtain
Die Mahlzeit,meal
Der Akt,act
Der Wolf,wolf
Die Kajüte,cabin
Die Ladung,charge
Die Uhr,clock
Der Passagier,passenger
Der Kumpel,buddy
Das Medikament,drug
Die Verwendung,use
Die Bank,bench
Der Verkehr,traffic
Das Relief,relief
Die Kappe,cap
Das Rudel,pack
Das Wochenende,weekend
Der Stand,stand
Der Aufzug,elevator
Der Geburtstag,birthday
Das Bügeleisen,iron
Das Fleisch,meat
Die Augenbraue,eyebrow
Die Antwort,response
Die Geschwindigkeit,speed
Die Absicht,purpose
Der Rock,skirt
Das Quadrat,square
Die Fahrt,drive
Den Artikel,article
Das Englisch,english
Der Turm,tower
Der Kampf,battle
Der Film,film
Das Rennen,race
Der Schock,shock
Die Sektion,section
Die Methode,manner
Das Schwert,sword
Der Stock,stick
Die Datei,file
Das Brot,bread
Das Öl,oil
Die Kette,chain
Die Abteilung,department
Das Projekt,project
Der Mord,murder
Der Bär,bear
Der Test,test
Der Besuch,visit
Die Milch,milk
Der Chef,boss
Der Ellbogen,elbow
Das Verlangen,desire
Der Patient,patient
Das Grinsen,grin
Der Liebhaber,lover
Der Preis,price
Die Karte,map
Das Wissen,knowledge
Der Anfang,beginning
Die Kälte,cold
Der Schrank,closet
Die Morgendämmerung,dawn
Der Tempel,temple
Der Spaß,joy
Die Pflicht,duty
Die Übung,practice
Die Ferse,heel
Das Tal,valley
Der Kampf,fight
Das Kabel,wire
Die Jeans,jeans
Der Kuss,kiss
Der Kiefer,jaw
Die Lauf,run
Der Halt,hold
Das Verhältnis,relationship
Das Objekt,object
Der Angriff,attack
Das Gericht,dish
Die Autobahn,highway
Die Schattierung,shade
Das Verbrechen,crime
Das Weiß,white
Der Partner,partner
Der Priester,priest
Der Rasen,lawn
Das Lachen,laugh
Der Kofferraum,trunk
Das Weinen,cry
Das Programm,program
Die Fahrt,ride
Das Regal,shelf
Der Gentleman,gentleman
Das Sein,being
Der Stahl,steel
Der Bürgersteig,sidewalk
Die Uniform,uniform
Das Muster,pattern
Der Beweis,evidence
Der Spieler,player
Der Roman,novel
Das Kissen,pillow
Die Lampe,lamp
Die Schublade,drawer
Die Gefahr,danger
Der Detektiv,detective
Die Instant,instant
Das Denken,thinking
Der Riss,crack
Das Gebet,prayer
Das Handtuch,towel
Der Handschuh,glove
Die Bucht,bay
Das Publikum,audience
Die Dose,can
Die Bedingung,condition
Der Pfad,trail
Die Taille,waist
Der Druck,pressure
Das Telefon,telephone
Das Waschbecken,sink
Die Rückkehr,return
Die Brise,breeze
Der Geschmack,taste
Der Fehler,fault
Der Strom,stream
Das Ergebnis,result
Der Autor,author
Das Trinkgeld,tip
Die Dusche,shower
Die Zehe,toe
Die Jahreszeit,season
Die Hälfte,half
Der Dummkopf,fool
Der Tunnel,tunnel
Der Klient,client
Die Garage,garage
Die Mission,mission
Der Chef,chief
Die Kugel,bullet
Der Markt,market
Der Verlust,loss
Die Reihe,series
Der Stift,pen
Der Begriff,term
Das Gedicht,poem
Der Prinz,prince
Der Ton,clay
Das Schloss,lock
Die Realität,reality
Die Schlange,snake
Der Apfel,apple
Die Maske,mask
Dem Kunden,customer
Die Geburt,birth
Die Pause,break
Das Wunder,wonder
Das Sonnenlicht,sunlight
Der Panzer,tank
Das Personal,staff
Die Lüge,lie
Der Glaube,faith
Die Ehre,honor
Die Creme,cream
Das Wohl,sake
Das Opfer,victim
Die Möglichkeit,possibility
Der Kontakt,contact
Die Stimmung,mood
Der Daumen,thumb
Der Spaß,fun
Die Kerze,candle
Die Höhle,cave
Die Post,post
Das Gefängnis,prison
Die Emotion,emotion
Der Führer,leader
Der Grad,degree
Die Eigenschaft,feature
Das Ticket,ticket
Das Alien,alien
Der Unterricht,lesson
Die Wüste,desert
Der Schnitt,cut
Die Unordnung,mess
Die Warnung,warning
Das Märchen,tale
Das Begräbnis,funeral
Das Taxi,cab
Der Reporter,reporter
Das Geschenk,present
Das Theater,theater
Die Länge,length
Der Schlamm,mud
Die Wissenschaft,science
Der Fall,drop
Die Schnur,string
Die Rede,speech
Die Kopie,copy
Die Kuh,cow
Der Arbeiter,worker
Der Oberschenkel,thigh
Das Labor,lab
Die Rolle,roll
Das Obst,fruit
Der Patch,patch
Die Seide,silk
Der Buck,buck
Die Ziegel,brick
Das Gewehr,rifle
Die Karriere,career
Das Thema,issue
Die Gelegenheit,opportunity
Der Direktor,director
Das Monster,monster
Das Fahrzeug,vehicle
Die Gasse,alley
Die Hülse,sleeve
Das Grab,grave
Der Busch,bush
Der Speisesaal,dining
Die Eröffnung,opening
Der Zwilling,twin
Die Scheune,barn
Das Pfund,pound
Der Standort,site
Der Blitz,flash
Der Richter,judge
Die Masse,mass
Der Prozess,process
Das Band,tie
Der Geldbeutel,purse
Das Rohr,pipe
Der Drache,dragon
Der Horizont,horizon
Die Schale,tray
Die Prüfung,check
Die Erwachsene,adult
Der Notfall,emergency
Das Material,material
Die Kindheit,childhood
Die Angewohnheit,habit
Der Künstler,artist
Die Adresse,address
Der Duft,scent
Das Universum,universe
Das Kopfnicken,nod
Die Muschel,shell
Die Gemeinde,community
Der Anfang,start
Die Wunde,wound
Die Maus,mouse
Der Pilot,pilot
Die Klasse,grade
Das Video,video
Der Korb,basket
Der Wagen,wagon
Der Versuch,attempt
Das Sofa,sofa
Der Kuchen,cake
Der Kerl,fellow
Die Affäre,affair
Die Küste,shore
Die Allgemeine,general
Der Ursprung,root
Die Robe,robe
Die Sorge,concern
Die Presse,press
Die Ratte,rat
Die Gesellschaft,society
Der Stil,style
Die Kreis,county
Der Befehl,command
Der Besucher,visitor
Das Model,model
Die Kammer,chamber
Das Biest,beast
Das Bündel,bunch
Der Hintergrund,background
Die Einheit,unit
Die Möbel,furniture
Der Nagel,nail
Der Schrei,scream
Die Eigenschaft,property
Die Ausrüstung,equipment
Die Auffahrt,driveway
Der Griff,grip
Das Rohr,tube
Die Asche,ash
Der Fan,fan
Die Meinung,opinion
Die Daten,data
Die Verbindung,connection
Der Trick,trick
Das Mysterium,mystery
Die Periode,period
Das Schreiben,writing
Der Horror,horror
Die Süßigkeit,candy
Die Bitch,bitch
Die Gesundheit,health
Der Geschäftsführer,manager
Die Sicherheit,safety
Die Höhe,height
Die Erscheinung,appearance
Der Seufzer,sigh
Die Mine,mine
Die Kleidung,cloth
Die Reaktion,reaction
Die Quelle,source
Das Ich,self
Die Pistole,pistol
Der Flughafen,airport
Der Held,hero
Das Versprechen,promise
Der Bogen,bow
Das Zelt,tent
Der Messestand,booth
Das Geld,cash
Die Straße,avenue
Das TShirt,tshirt
Der Teppich,carpet
Die Freundin,girlfriend
Der Bart,beard
Die Stirn,brow
Der Bildschirm,display
Das Signal,signal
Der Diener,servant
Das Flüstern,whisper
Der Zweifel,doubt
Das Konto,account
Die Magie,magic
Die Hank,hank
Das Glied,limb
Der Bastard,bastard
Der Schädel,skull
Der Satz,sentence
Der Kragen,collar
Das Horn,horn
Die Eiche,oak
Der Knöchel,ankle
Die Puppe,doll
Das Sandwich,sandwich
Das Rotkehlchen,robin
Die Justiz,justice
Der Stolz,pride
Die Jugend,youth
Der Sekretär,secretary
Die Forschung,research
Der Sport,sport
Die Aufgabe,task
Der Zuschuss,grant
Der Sheriff,sheriff
Die Mitternachts,midnight
Der Chip,chip
Die Theorie,theory
Den Wecker,alarm
Die Sammlung,collection
Das Kreuz,cross
Die Kiefer,pine
Die Generation,generation
Die Autorität,authority
Die Papa,papa
Die Reise,journey
Die Perle,pearl
Die Toilette,toilet
Der Mörder,killer
Das Werkzeug,tool
Der Zucker,sugar
Die Prinzessin,princess
Das Argument,argument
Die Klippe,cliff
Der Wagen,cart
Der Kristall,crystal
Die Bohne,bean
Der Käfig,cage
Die Schokolade,chocolate
Die Küste,coast
Das Jahrzehnt,decade
Die Bedeutung,meaning
Das Getriebe,gear
Der Koffer,suitcase
Die Operation,operation
Das Atem,breathing
Die Rolle,role
Die Version,version
Der Gefangene,prisoner
Das Match,match
Der Strahl,beam
Die Burg,castle
Der Ansturm,rush
Die Fahrspur,lane
Die Bekleidung,clothing
Der Pol,pole
Die Freiheit,freedom
Das Können,skill
Die Leidenschaft,passion
Die Aktivität,activity
Zum Teufel,fuck
Die Platform,platform
Das Salz,salt
Das Fahrrad,bike
Der Stapel,stack
Der Begleiter,companion
Das Schicksal,fate
Die Wut,rage
Die Versorgung,supply
Der Wal,whale
Das Schwein,pig
Der Hase,rabbit
Der Gang,aisle
Der Bildschirm,monitor
Der Helm,helmet
Der Respekt,respect
Die Aufregung,excitement
Die Lobby,lobby
Der Freund,boyfriend
Das Fell,fur
Der Bereich,range
Die Dick,dick
Der Code,code
Das Kapitel,chapter
Die Reflexion,reflection
Die Post,mail
Der Flug,fly
Das Kabinett,cabinet
Das Spielzeug,toy
Die Baseball,baseball
Das Innere,inside
Die Geschwindigkeit,pace
Der Griff,handle
Die Führung,lead
Die Summe,amount
Der Nerv,nerve
Der Schrecken,terror
Der Pullover,sweater
Die Qualität,quality
Der Jäger,hunter
Die Farbe,paint
Die Buster,buster
Die Baumwolle,cotton
Der Wachtmeister,sergeant
Der Kredit,credit
Der Schlag,blow
Der Teufel,devil
Die Bedrohung,threat
Der Erfolg,success
Dem Vorabend,eve
Das Kabel,cable
Die Pfanne,pan
Der Angestellte,clerk
Den Titel,title
Das Messgerät,meter
Die Schande,shame
Die Nadel,needle
Die Lunge,lung
Der Krieger,warrior
Der Umstand,circumstance
Das Studio,studio
Die Panik,panic
Der Mangel,lack
Der Bauer,farmer
Der Akzent,accent
Die Bombe,bomb
Die Platte,panel
Die Fähigkeit,ability
Das Glück,fortune
Der Sieger,victor
Die Feder,feather
Die Oma,grandma
Das Glühen,glow
Das Verhalten,behavior
Der Durchgang,passage
Die Slave,slave
Der Leutnant,lieutenant
Der Lauf,barrel
Die Wärme,warmth
Der Eindruck,impression
Der Maurer,mason
Die Braut,bride
Das Paket,package
Der Nebel,fog
Das Gehen,walking
Die Balance,balance
Die Socke,sock
Der Roboter,robot
Die Kartoffel,potato
Der Gegenstand,item
Das Bad,bath
Der Diamant,diamond
Die Leiche,corpse
Die Erklärung,explanation
Die Struktur,structure
Der Ausgang,exit
Das Pad,pad
Der Herd,stove
Das Blaue,blue
Die Amerikaner,american
Der Rubin,ruby
Der Blitz,lightning
Die Grube,pit
Der Oberst,colonel
Das Dock,dock
Der Bach,creek
Der Ratschlag,advice
Der Tourist,tourist
Die Trauer,grief
Die Verteidigung,defense
Der Biss,bite
Das Museum,museum
Die Gunst,favor
Das Abendessen,supper
Der Komfort,comfort
Der Dekan,dean
Der Wert,value
Der Marsch,march
Das Anwesen,estate
Der Poet,poet
Der Palast,palace
Die Suppe,soup
Die Nation,nation
Das Gefäss,jar
Der Ständige,standing
Der Sack,sack
Der Dämon,demon
Die Konferenz,conference
Der Saft,juice
Die Verantwortung,responsibility
Der Pinsel,brush
Die Route,route
Der Käse,cheese
Die Haube,hood
Die Ente,duck
Der Heilige,saint
Der Pass,pass
Das Ziel,target
Die Orange,orange
Die Kultur,culture
Die Reise,tour
Der Kommandant,commander
Der Haken,hook
Der Nebel,mist
Das Training,training
Die Suche,search
Die Münze,coin
Das Wunder,miracle
Der Vorteil,advantage
Der Austausch,exchange
Die Fiktion,fiction
Der Teich,pond
Der Assistent,assistant
Das Design,design
Die Angel,fishing
Die Piste,slope
Der Graf,earl
Der Kommentar,comment
Der Kellner,waiter
Der Lebensmittel,grocery
Die Leiter,ladder
Die Kurve,curve
Das Volumen,volume
Das Risiko,risk
Der Albtraum,nightmare
Die Existenz,existence
Die Spur,trace
Die Krankheit,disease
Die Unterstützung,support
Der Zeuge,witness
Die Aktie,stock
Das Gerät,device
Die Landschaft,landscape
Der Urlaub,holiday
Das Ass,ace
Das Klavier,piano
Die Eingeweide,gut
Das Talent,talent
Die Phantasie,imagination
Die Schwarze,black
Der Reed,reed
Der Deckel,lid
Der Hinweis,hint
Der Wanderer,walker
Die Kälte,chill
Die Studie,trial
Das Interview,interview
Der Ansatz,approach
Die Narbe,scar
Die Mode,fashion
Der Kanal,channel
Die Tritt,footstep
Der Aufnehmer,pickup
Der Habicht,hawk
Der Anhänger,trailer
Die Statue,statue
Die Pille,pill
Der Käfer,bug
Der Eimer,bucket
Den Urlaub,vacation
Die Arten,species
Die Kolumne,column
Der Schaden,damage
Das Instrument,instrument
Der Hafen,port
Die Schicht,layer
Der Streifen,strip
Der Müll,garbage
Die Rippe,rib
Das Notebook,notebook
Der Mais,corn
Das Angebot,offer
Die Zeichnung,drawing
Die Aussage,statement
Die Intelligenz,intelligence
Die Entschuldigung,excuse
Die Landung,landing
Der Urheberrechts,copyright
Die Stange,rod
Die Fantasie,fantasy
Die Neugier,curiosity
Das Kleid,gown
Die Grenze,border
Die Poesie,poetry
Die Firma,firm
Der Aufgang,rise
Die Handvoll,handful
Die China,china
Die Franzosen,french
Die Durchschnitts,mean
Das Reh,deer
Die Druck,print
Die Schiene,rail
Die Rate,rate
Der Mut,courage
Die Ankunft,arrival
Der Wunsch,wish
Der Grat,ridge
Der Idiot,idiot
Der Bulle,bull
Die Saat,seed
Der Fortschritt,progress
Das Gefühl,feel
Die Shorts,shorts
Der Bürger,citizen
Der Müll,trash
Das Protokoll,log
Die Geduld,patience
Die Fledermaus,bat
Der Fußball,football
Die Routine,routine
Die Explosion,explosion
Der Inhalt,content
Der Wissenschaftler,scientist
Das Versagen,failure
Die Sünde,sin
Der Hintern,butt
Die Verwirrung,confusion
Das Verständnis,understanding
Der Handel,trade
Der Kühlschrank,refrigerator
Der Herr,mister
Die Taschenlampe,flashlight
Das Internet,net
Der Seemann,sailor
Die Attitüde,attitude
Die Schuld,guilt
Das Weinen,crying
Die Sip,sip
Die Reise,travel
Der Keks,cookie
Die Flucht,escape
Die Anleitung,instruction
Das Gewebe,fabric
Der Marmor,marble
Die Dämmerung,dusk
Die Hütte,cottage
Der Affe,monkey
Das Makeup,makeup
Die Doc,doc
Die Bluse,blouse
Der Rhythmus,rhythm
Der Dampf,steam
Der Satz,phrase
Die Mutter,nut
Der Bleistift,pencil
Der Koch,cook
Die Flagge,flag
Der Trainer,coach
Die Schaukel,swing
Der Lautsprecher,speaker
Der Bolzen,bolt
Das Fett,fat
Der Teppich,rug
Die Klopf,knock
Der Zauber,spell
Das Taxi,taxi
Die Runde,round
Der Strohhalm,straw
Die Luke,hatch
Die Gabel,fork
Das Böse,evil
Das Dienstmädchen,maid
Die Relative,relative
Die Hexe,witch
Der Hof,courtyard
Die Sensation,sensation
Die Blase,bubble
Der Leser,reader
Die Locke,curl
Der Kuchen,pie
Der Strahl,jet
Die Verschiebung,shift
Die Union,union
Der Teenager,teenager
Die Ebene,plain
Die Kellnerin,waitress
Die Antwort,reply
Das Gerücht,rumor
Die Schwerkraft,gravity
Die Zuflucht,shelter
Das Abenteuer,adventure
Der Löwe,lion
Die Wirbelsäule,spine
Das Vertrauen,confidence
Die Tiefe,depth
Die Reichweite,reach
Der Hammer,hammer
Die Bibel,bible
Der Vertrag,contract
Der Geldbeutel,wallet
Der Dschungel,jungle
Die Fabrik,factory
Die Indische,indian
Der Balkon,balcony
Der Reis,rice
Der Knoten,knot
Die Schnur,cord
Der Kollege,colleague
Die Absicht,intention
Die Stare,stare
Das Motel,motel
Der Anwalt,attorney
Der Liebling,darling
Die Diskussion,discussion
Atmosphäre,atmosphere
Die Leistung,performance
Die Spannung,tension
Der Text,text
Der Strang,strand
Die Mittags,noon
Die Vene,vein
Der Experte,expert
Die Gruppe,gang
Der Polizist,policeman
Der Krebs,cancer
Der Fuchs,fox
Die Scheidung,divorce
Die Impuls,pulse
Die Abwesenheit,absence
Die Gewalt,violence
Der Humor,humor
Der Stuhl,stool
Der Kies,gravel
Der Schatz,treasure
Die Butter,butter
Der Schalter,switch
Die Zigarre,cigar
Die Leinwand,canvas
Die Fröhlichkeit,happiness
Der Führer,guide
Der Stift,pin
Der Schauspieler,actor
Das Ganze,whole
Die Vereinbarung,arrangement
Die Braune,brown
Der Gastgeber,host
Das Farbband,ribbon
Der Schal,scarf
Die Skala,scale
Der Beweis,proof
Der Pfeil,arrow
Die Temperatur,temperature
Die Technologie,technology
Die Erlaubnis,permission
Der Ort,location
Die Klaue,claw
Der Cowboy,cowboy
Die Agentur,agency
Die Konstruktion,construction
Das Jagd,hunting
Das Gemüse,vegetable
Die Dose,tin
Der Hubschrauber,helicopter
Die Falle,trap
Das Pat,pat
Die Lücke,gap
Das Haustier,pet
Die Bildung,education
Das Einkaufen,shopping
Der Schuppen,shed
Die Vereinbarung,agreement
Die Erde,soil
Der Herzog,duke
Die Schrotflinte,shotgun
Die Vorstellung,notion
Die Rück,rear
Die Zeremonie,ceremony
Der Löffel,spoon
Die Wanne,tub
Der Schlüssel,clue
Die Iris,iris
Der Vorfall,incident
Der Absturz,crash
Das Tagebuch,journal
Die Zugriffs,access
Der Messing,brass
Die Mama,mommy
Die Seitenleiste,sidebar
Das Schaf,sheep
Der Ingenieur,engineer
Der Rumpf,hull
Der Geruch,odor
Der Termin,appointment
Die Einladung,invitation
Die Lappen,rag
Das Gute,good
Der Kumpel,dude
Die Behandlung,treatment
Die Weisheit,wisdom
Der Preis,prize
Das Element,element
Der Gigant,giant
Die Serviette,napkin
Die Wäsche,laundry
Die Option,option
Das Regal,rack
Die Anforderung,request
Das Gefängnis,jail
Der Opa,grandpa
Die Ranch,ranch
Der Punkt,dot
Das Skript,script
Die Einkaufshalle,mall
Der Ford,ford
Die Übung,exercise
Die Witwe,widow
Die Krähe,crow
Der Faden,thread
Die Selbstmord,suicide
Die Notiz,notice
Der Sonnenuntergang,sunset
Die Gallerie,gallery
Das Schiff,vessel
Der Donner,thunder
Die Seife,soap
Der Whisky,whiskey
Das Weibchen,female
Der Bürgermeister,mayor
Der Hub,stroke
Der Klick,click
Der Ruf,reputation
Der Müller,miller
Der Rat,council
Der Stundenplan,schedule
Der Friedhof,cemetery
Der Kampf,struggle
Der Instinkt,instinct
Die Ruhe,calm
Der Arbeitnehmer,employee
Das Nest,nest
Das Limit,limit
Der Deutsche,german
Der Mönch,monk
Der Wurm,worm
Das Dokument,document
Die Traurigkeit,sadness
Die Hütte,hut
Die Lebensdauer,lifetime
Die Tänzerin,dancer
Die Versicherung,insurance
Die Schwierigkeit,difficulty
Die Matratze,mattress
Der Mann,male
Die Klinik,clinic
Die Ad,ad
Der Becher,mug
Das Kit,kit
Die Kommunikation,communication
Das Unglück,disaster
Die Fliese,tile
Der Empfänger,receiver
Das Gebrüll,roar
Die Truppe,troop
Der Sarg,coffin
Die Freundschaft,friendship
Die Ermittlung,investigation
Der Verkauf,sale
Das Ziel,goal
Der Krankenwagen,ambulance
Das Mondlicht,moonlight
Das Mündel,ward
Die Hosen,trousers
Die Wolle,wool
Die Mac,mac
Der Minister,minister
Der Eintritt,entry
Der Dieb,thief
Die Aktentasche,briefcase
Das Mitleid,pity
Die Marine,navy
Das Insekt,insect
Der Samt,velvet
Die Biene,bee
Der Stock,cane
Das Gen,gene
Der Salat,salad
Die Windschutzscheibe,windshield
Das Outfit,outfit
Der Shuttle,shuttle
Der Schrei,shout
Die Wut,fury
Die Herausforderung,challenge
Die Zufriedenheit,satisfaction
Der Motor,motor
Das Produkt,product
Das Unkraut,weed
Die Strecke,stretch
Das Fitnesscenter,gym
Das Kapital,capital
Der Rand,rim
Die Pfote,paw
Die Festung,fort
Die Kosten,cost
Das Plakat,poster
Der Vampir,vampire
Die Welle,shaft
Die Identität,identity
Der Bürgersteig,pavement
Das Arschloch,asshole
Der Gurt,strap
Das Wohnzimmer,parlor
Der Hafen,harbor
Das Beispiel,example
Das Netz,web
Der Golf,golf
Den Mist,crap
Die Freude,delight
Die Decke,quilt
Die Steuer,tax
Die Falte,fold
Das Porträt,portrait
Das Gewebe,tissue
Der Glaube,belief
Das Kostüm,costume
Das Maß,measure
Der Wagen,carriage
Die Gitarre,guitar
Der Ritter,knight
Der Rang,rank
Der Bürgermeister,major
Der Brunnen,fountain
Der Stall,stall
Die Ladung,load
Der Funke,spark
Der Müll,waste
Der Champagner,champagne
Das Viertel,district
Der Schutz,protection
Das Urteil,judgment
Die Sympathie,sympathy
Das Violett,violet
Der Aufprall,impact
Die Enttäuschung,disappointment
Das Trink,drinking
Das Bewusstsein,consciousness
Das Taschentuch,handkerchief
Das Tanzen,dancing
Das Parfüm,perfume
Das Netzwerk,network
Der Anspruch,claim
Die Nonne,nun
Die Krone,crown
Das Geländer,railing
Die Lizenz,license
Die Barmherzigkeit,mercy
Der Ballon,balloon
Das Chaos,chaos
Das Fieber,fever
Das Schließfach,locker
Die Sitzung,session
Die Burst,burst
Der Spitzer,peak
Die Trommel,drum
Der Fokus,focus
Der Frosch,frog
Der Vorteil,benefit
Die Bemerkung,remark
Die Gezeiten,tide
Der Verdacht,suspicion
Der Jeep,jeep
Die Sorge,worry
Die Literatur,literature
Der Bogenschütze,archer
Der Haushalt,household
Das Pulver,powder
Der Hirte,shepherd
Die Linse,lens
Der Favorit,favorite
Die Madame,madame
Die Villa,mansion
Der Boom,boom
Die Spitze,lace
Die Überprüfung,review
Die Rezeption,reception
Der Schrott,scrap
Der Wulst,bead
Die Blendung,glare
Die Strömung,flow
Das Cafe,cafe
Der Status,status
Das Pochen,pounding
Die Rakete,rocket
Die Schlucht,canyon
Die Trauer,sorrow
Die Spinne,spider
Die Explosion,blast
Die Persönlichkeit,personality
Der Campus,campus
Der Fluch,curse
Das Treppenhaus,staircase
Der Drang,urge
Die Frustration,frustration
Die Pumpe,pump
Die Leichtigkeit,ease
Die Zählung,count
Die Lösung,solution
Der Schmuck,jewelry
Die Sirene,siren
Der Schlag,hit
Die Tradition,tradition
Das Leer,curb
Die Vielfalt,variety
Der Pirat,pirate
Die Beschreibung,description
Der Liebe,dear
Die Angst,anxiety
Die Tonhöhe,pitch
Die Pizza,pizza
Der Elefant,elephant
Die Politik,politics
Der Tennis,tennis
Der Hunger,hunger
Das Genie,genius
Die Ziege,goat
Der Sieg,victory
Die Kombination,combination
Die Zugehörigkeit,affiliation
Das Momma,momma
Der Umhang,cape
Der Scheinwerfer,headlight
Der Gouverneur,governor
Die Sauerstoff,oxygen
Der Bischof,bishop
Das Bündel,bundle
Die Entwicklung,development
Der Fingernagel,fingernail
Die Punktzahl,score
Der Steuermann,mate
Der Fahrer,rider
Die Umlaufbahn,orbit
Der Weinstock,vine
Die Suite,suite
Der Barkeeper,bartender
Der Koks,coke
Die Melodie,tune
Die Herrlichkeit,glory
Der Rabbi,rabbi
Die Operation,surgery
Das Vieh,cattle
Das Ritual,ritual
Die Begrüßung,greeting
Die Scheibe,slice
Die Homer,homer
Der Kamin,fireplace
Das Trikot,jersey
Die Medien,media
Die Pop,pop
Die Fracht,cargo
Das Gasthaus,inn
Der Stellvertretende,deputy
Die Verzweiflung,despair
Das Territorium,territory
Der Schlag,punch
Die Jazz,jazz
Die Umarmung,hug
Die Pfeife,whistle
Die Menschlichkeit,humanity
Das Handwerk,craft
Das Tageslicht,daylight
Der Wert,worth
Der Slip,slip
Die Rüstung,armor
Der Rucksack,backpack
Der Vorschlag,suggestion
Die Höhle,den
Das Symbol,symbol
Die Kolonie,colony
Das Fazit,conclusion
Das Nasenloch,nostril
Der Speer,spear
Der Impuls,impulse
Die Tomate,tomato
Das Kalb,calf
Der Herbst,autumn
Der Fund,discovery
Das Klassenzimmer,classroom
Die Lieferung,delivery
Das Spray,spray
Die Flüssigkeit,liquid
Die Kraftstoff,fuel
Die Unterwäsche,underwear
Die Kuppel,dome
Die Bevölkerung,population
Die Neigung,affection
Die Religion,religion
Der Sänger,singer
Der Begleiter,attendant
Die Illusion,illusion
Der Link,link
Das Wohnzimmer,lounge
Der Innenraum,interior
Die Achselzucken,shrug
Die Zone,zone
Der Standard,standard
Die Kohlen,coal
Die Jagd,chase
Der Klumpen,lump
Der Charm,charm
Die Legende,legend
Die Konsequenz,consequence
Die Beobachtung,observation
Das Fahrrad,bicycle
Der Schaden,harm
Die Zahlung,pay
Das Prospekt,prospect
Die UBahn,subway
Das Muster,sample
Die Kirsche,cherry
Der Händler,dealer
Die Zuordnung,assignment
Die Eile,hurry
Die Geliebte,mistress
Der Hügel,mound
Der Unsinn,nonsense
Das Komitee,committee
Das Echo,echo
Der Durchhang,slack
Die Decker,decker
Das Warenhaus,warehouse
Der Kampf,bout
Der Toast,toast
Die Einrichtung,facility
Der Basketball,basketball
Der Schnurrbart,mustache
Der Senator,senator
Das Teilen,share
Das Augenlid,eyelid
Die Begeisterung,enthusiasm
Die Chunk,chunk
Die Schildkröte,turtle
Der Alkohol,alcohol
Die Gummi,gum
Der Truthahn,turkey
Der Prediger,preacher
Der Besitz,possession
Der Dolly,dolly
Das Leinen,linen
Die Entschuldigung,apology
Der Vortrag,lecture
Der Stein,boulder
Der Heap,heap
Der Fotograf,photographer
Die Bremse,brake
Die Nachfrage,demand
Die Schürze,apron
Der Mantel,cloak
Die Jury,jury
Die Anhörung,hearing
Das Graue,gray
Die Kiste,crate
Die Methode,method
Die Referenz,reference
Der Ekel,disgust
Die Flotte,liquor
Der Lippenstift,lipstick
Der Kern,core
Der Einzelne,individual
Der Container,container
Die Hure,whore
Das Kleinkind,infant
Die Sonnenbrille,sunglasses
Der Schlauch,hose
Das Konzert,concert
Das Bullshit,bullshit
Die Eisenbahn,railroad
Die Parade,parade
Das Fach,compartment
Der Bewohner,resident
Der Backofen,oven
Der Techniker,technician
Das Verfahren,procedure
Der Kämpfer,fighter
Das Korn,grain
Das Picknick,picnic
Der Stamm,tribe
Die Knospe,bud
Die Wiese,meadow
Die Öffentlichkeit,public
Das Gift,poison
Der Büffel,buffalo
Die Region,region
Die Produktion,production
Das Rennen,running
Die Schleife,loop
Der Schlaf,sleeping
Die Eule,owl
Das Menü,menu
Der Kick,kick
Die Ruine,ruin
Die Rampe,ramp
Der Streifen,streak
Der Unterarm,forearm
Das Büro,bureau
Der Achsschenkel,knuckle
Die Gans,goose
Der Vormarsch,advance
Die Fee,fairy
Die Mannschaft,squad
Das Offizielle,official
Die Marke,brand
Die Orgel,organ
Der Schmetterling,butterfly
Das Reich,empire
Das Profil,profile
Die Freiheit,liberty
Der Unglaube,disbelief
Der Hain,grove
Das Schild,shield
Der Sattel,saddle
Die Chancen,odds
Die Cluster,cluster
Der Satellit,satellite
Der Abzug,trigger
Der Welpe,puppy
Die Warte,waiting
Die Glühbirne,bulb
Die Kommode,dresser
Die Patrouille,patrol
Der Adler,eagle
Der Privatsphäre,privacy
Das Fluid,fluid
Die Herde,herd
Der Kopfschmerz,headache
Der Vergnügungspark,amusement
Der Rollstuhl,wheelchair
Die Richtlinie,policy
Das Belle,belle
Die Tabak,tobacco
Die Einstellung,setting
Die Tätowierung,tattoo
Die Last,burden
Der Händler,merchant
Die Rutsche,slide
Der Fleck,stain
Das Essen,eating
Die Bindung,bond
Das Schwimmen,swimming
Die Grundlage,foundation
Die Verletzung,injury
Die Liga,league
Die Batterie,battery
Der Regenschirm,umbrella
Der Kaiser,emperor
Der Pier,pier
Der Wasserhahn,tap
Der Witz,wit
Der Cutter,cutter
Der Dachboden,attic
Der Tiger,tiger
Die Pal,pal
Der Vorfahr,ancestor
Die Konzentration,concentration
Der Berg,mount
Der Aufwand,expense
Der Segen,blessing
Der Urlaub,leave
Die Leiste,ledge
Die Fackel,torch
Die Tinten,ink
Die Handlung,plot
Die Miete,rent
Das Maultier,mule
Der Bogen,arch
Die Umgebung,environment
Das Stirnrunzeln,frown
Der Inspektor,inspector
Die Mitten,midst
Die Verlegenheit,embarrassment
Die Beschwerde,complaint
Die Portion,portion
Das Spannfutter,chuck
Die Clearing,clearing
Die Krise,crisis
Die Halskette,necklace
Die Laterne,lantern
Der Reichtum,wealth
Der Mörder,murderer
Die Zivilisation,civilization
Das Konzept,concept
Das Lamm,lamb
Die Schritt,stride
Die Manschette,cuff
Die Jungfrau,virgin
Das Eichhörnchen,squirrel
Das Kind,babe
Der Star,starling
Die Depression,depression
Das Speicher,storage
Der Altar,altar
Die Tragödie,tragedy
Die Ressource,resource
Der Reisende,traveler
Das Vertrauen,trust
Die Bogen,arc
Das Königreich,kingdom
Das Juwel,jewel
Der Musiker,musician
Das Flugzeug,airplane
Die Junk,junk
Der Sonnenschein,sunshine
Der Knabe,lad
Der Elf,elf
Der Protest,protest
Die Jagd,hunt
Die Exekutive,executive
Das Tagebuch,diary
Das Aspekt,aspect
Das Zifferblatt,dial
Der Hausschuh,slipper
Die Schauspielerin,actress
Das Shooting,shooting
Der Ohrring,earring
Die Ameise,ant
Die Patty,patty
Die Sauce,sauce
Die Rakete,missile
Die Intensität,intensity
Der Graben,ditch
Das Gänseblümchen,daisy
Die Kapelle,chapel
Der Sumpf,swamp
Die Beziehung,relation
Die Vermutung,guess
Der Kran,crane
Die Begegnung,encounter
Die Sequenz,sequence
Das Fragment,fragment
Der Entwurf,draft
Das Diner,diner
Die Funktion,function
Die Organisation,organization
Das Skelett,skeleton
Das Elend,misery
Das Kraut,herb
Der Stumpf,stump
Der Einsatz,stake
Die Puff,puff
Die Kreation,creation
Das Gefolge,wake
Der Zauberer,wizard
Die Matte,mat
Die Dichtung,seal
Das Zwielicht,twilight
Das Grunzen,grunt
Die Strafe,punishment
Der Clan,clan
Das Kupfer,copper
Die Trümmer,debris
Der Maler,painter
Das Steuer,steering
Die Mathematik,math
Die Erkennung,recognition
Die Stimmung,temper
Das Bedauern,regret
Das Ziel,destination
Die Mühle,mill
Der Fehler,error
Die Romantik,romance
Das Thema,topic
Die Terrasse,patio
Die Schaufel,shovel
Die Schlafanzüge,pajamas
Die Email,email
Die Taube,pigeon
Der Dinosaurier,dinosaur
Der Betreiber,operator
Der Ratgeber,counselor
Die Versammlung,gathering
Das Prinzip,principle
Das Drama,drama
Das Küken,chick
Das Diagramm,chart
Die Kampagne,campaign
Der Lorbeer,laurel
Das Steak,steak
Der Kriminelle,criminal
Der Globus,globe
Der Bluterguss,bruise
Der Knopf,knob
Das Töten,killing
Der Schatz,sweetheart
Die Oper,opera
Der Frost,frost
Der Nippel,nipple
Der Pfarrer,reverend
Die Trübung,haze
Das Hochwasser,flood
Das Weihnachtslied,carol
Die Schwäche,weakness
Das Kochen,cooking
Der Metzger,butcher
Der Würfel,cube
